"DESCRIPTION","DURATION IN MS","NAME","PARENT SUITE","START TIME","STATUS","STOP TIME","SUB SUITE","SUITE","TEST CLASS","TEST METHOD"
"","1279","handle iframes","chromium","2026-09-30","passed","2026-09-30","handle frams","herokuapp/handlesFrames.spec.ts","",""
"","759","should handle prompt alert with cancel","chromium","2026-09-30","passed","2026-09-30","Handle Alerts","herokuapp/handleAlerts.spec.ts","",""
"","745","should handle prompt alert","chromium","2026-09-30","passed","2026-09-30","Handle Alerts","herokuapp/handleAlerts.spec.ts","",""
"","753","keyboard actions","chromium","2026-09-30","passed","2026-09-30","Key board action scenario","herokuapp/keyboardActions.spec.ts","",""
"","921","should combination of keys","chromium","2026-09-30","passed","2026-09-30","Key board action scenario","herokuapp/keyboardActions.spec.ts","",""
"","832","should drag source to target","chromium","2026-09-30","passed","2026-09-30","drag and drop scenario","herokuapp/dragAndDrop.spec.ts","",""
"","969","should handle multiple windows","chromium","2026-09-30","passed","2026-09-30","Handle Multiple Windows","herokuapp/handleMultipleWindows.spec.ts","",""
"","752","should handle confirm alert","chromium","2026-09-30","passed","2026-09-30","Handle Alerts","herokuapp/handleAlerts.spec.ts","",""
"","850","should upload a single file","chromium","2026-09-30","passed","2026-09-30","Handle fileupload","herokuapp/fileUpload.spec.ts","",""
"","876","handle normal frames","chromium","2026-09-30","passed","2026-09-30","handle frams","herokuapp/handlesFrames.spec.ts","",""
"","752","should handle confirm alert with cancel","chromium","2026-09-30","passed","2026-09-30","Handle Alerts","herokuapp/handleAlerts.spec.ts","",""
"","813","should drag and drop using mouse events","chromium","2026-09-30","passed","2026-09-30","drag and drop scenario","herokuapp/dragAndDrop.spec.ts","",""
"","788","should handle simple alert","chromium","2026-09-30","passed","2026-09-30","Handle Alerts","herokuapp/handleAlerts.spec.ts","",""
"","888","should download a file","chromium","2026-09-30","passed","2026-09-30","Handle downloadFiles","herokuapp/downloadFile.spec.ts","",""
